{"cameraMode":{"drawMode":0,"name":"Shaded","section":"Shading Mode"},"sceneLighting":false,"audioPlay":false,"sceneViewState":{"showFog":true,"showMaterialUpdate":true,"showSkybox":false,"showFlares":true,"showImageEffects":true,"showParticleSystems":true},"in2DMode":false,"pivot":{"x":0.0,"y":0.7500001192092896,"z":-1.1920928955078126e-7},"rotation":{"x":0.4051720201969147,"y":-0.24145911633968354,"z":0.11204418540000916,"w":0.8747578263282776},"size":3.737168788909912,"orthographic":false}