{"cameraMode":{"drawMode":0,"name":"Shaded","section":"Shading Mode"},"sceneLighting":false,"audioPlay":false,"sceneViewState":{"showFog":true,"showMaterialUpdate":true,"showSkybox":false,"showFlares":true,"showImageEffects":true,"showParticleSystems":true},"in2DMode":false,"pivot":{"x":-1.9428961277008057,"y":-21.358552932739259,"z":-1.2111963033676148},"rotation":{"x":0.40901172161102297,"y":-0.5827826261520386,"z":0.4294753074645996,"w":0.5556942224502564},"size":57.76060104370117,"orthographic":false}