{"cameraMode":{"drawMode":0,"name":"Shaded","section":"Shading Mode"},"sceneLighting":false,"audioPlay":false,"sceneViewState":{"showFog":true,"showMaterialUpdate":true,"showSkybox":false,"showFlares":true,"showImageEffects":true,"showParticleSystems":true},"in2DMode":false,"pivot":{"x":0.22748088836669923,"y":0.4384990930557251,"z":-0.07748031616210938},"rotation":{"x":0.2832775115966797,"y":-0.0826701894402504,"z":0.02477673441171646,"w":0.9552394151687622},"size":51.99552917480469,"orthographic":false}