{"cameraMode":{"drawMode":0,"name":"Shaded","section":"Shading Mode"},"sceneLighting":false,"audioPlay":false,"sceneViewState":{"showFog":true,"showMaterialUpdate":false,"showSkybox":false,"showFlares":true,"showImageEffects":true,"showParticleSystems":true},"in2DMode":false,"pivot":{"x":-0.4596981704235077,"y":1.9308323860168458,"z":-0.020774859935045244},"rotation":{"x":-0.14157220721244813,"y":-0.7785664796829224,"z":0.189515620470047,"w":-0.5813522934913635},"size":4.081874847412109,"orthographic":false}