{"cameraMode":{"drawMode":0,"name":"Shaded","section":"Shading Mode"},"sceneLighting":false,"audioPlay":false,"sceneViewState":{"showFog":true,"showMaterialUpdate":true,"showSkybox":false,"showFlares":true,"showImageEffects":true,"showParticleSystems":true},"in2DMode":false,"pivot":{"x":0.0,"y":2.448000907897949,"z":2.384185791015625e-7},"rotation":{"x":0.5905312895774841,"y":-0.017574431374669076,"z":0.013078439980745316,"w":0.806861937046051},"size":38.42670822143555,"orthographic":false}