{"cameraMode":{"drawMode":0,"name":"Shaded","section":"Shading Mode"},"sceneLighting":false,"audioPlay":false,"sceneViewState":{"showFog":true,"showMaterialUpdate":true,"showSkybox":false,"showFlares":true,"showImageEffects":true,"showParticleSystems":true},"in2DMode":false,"pivot":{"x":73.85189819335938,"y":25.56597900390625,"z":-0.6255531311035156},"rotation":{"x":0.05427049100399017,"y":-0.024862492457032205,"z":0.0014948977623134852,"w":0.9983291625976563},"size":233.34524536132813,"orthographic":false}