{"cameraMode":{"drawMode":0,"name":"Shaded","section":"Shading Mode"},"sceneLighting":false,"audioPlay":false,"sceneViewState":{"showFog":true,"showMaterialUpdate":true,"showSkybox":false,"showFlares":true,"showImageEffects":true,"showParticleSystems":true},"in2DMode":false,"pivot":{"x":0.2072237730026245,"y":-13.269042015075684,"z":35.65193176269531},"rotation":{"x":0.23217806220054627,"y":0.012308147735893727,"z":-0.0027006196323782207,"w":0.97268146276474},"size":53.343109130859378,"orthographic":false}