{"cameraMode":{"drawMode":0,"name":"Shaded","section":"Shading Mode"},"sceneLighting":false,"audioPlay":false,"sceneViewState":{"showFog":true,"showMaterialUpdate":false,"showSkybox":false,"showFlares":true,"showImageEffects":true,"showParticleSystems":true},"in2DMode":false,"pivot":{"x":-1.5840961933135987,"y":9.43293571472168,"z":-12.028837203979493},"rotation":{"x":-0.29060330986976626,"y":0.22043833136558534,"z":-0.06906531006097794,"w":-0.9286052584648132},"size":9.428033828735352,"orthographic":false}