{"cameraMode":{"drawMode":0,"name":"Shaded","section":"Shading Mode"},"sceneLighting":false,"audioPlay":false,"sceneViewState":{"showFog":true,"showMaterialUpdate":true,"showSkybox":false,"showFlares":true,"showImageEffects":true,"showParticleSystems":true},"in2DMode":false,"pivot":{"x":554.8365478515625,"y":244.86451721191407,"z":58.84599685668945},"rotation":{"x":0.16893671452999116,"y":-0.13203065097332,"z":0.022990677505731584,"w":0.9765876531600952},"size":546.0479736328125,"orthographic":false}