{"cameraMode":{"drawMode":0,"name":"Shaded","section":"Shading Mode"},"sceneLighting":false,"audioPlay":false,"sceneViewState":{"showFog":true,"showMaterialUpdate":true,"showSkybox":false,"showFlares":true,"showImageEffects":true,"showParticleSystems":true},"in2DMode":false,"pivot":{"x":414.20074462890627,"y":237.169189453125,"z":-15.62445068359375},"rotation":{"x":-0.019807947799563409,"y":0.006595015991479158,"z":-0.00013398648297879845,"w":-0.9997947216033936},"size":976.7238159179688,"orthographic":false}